review;rate;book;pages;movie;updated;created
Solitudo magnam vulpes. Aequitas vitium deputo.;1;A PASSAGE TO INDIA;;BEAUTY AND THE BEAST;2021-12-17 11:49:40;2021-12-02 06:11:35
Adhuc ad velum. Cibus tum desino.;5;THE MAN WITHIN;;STAR WARS: EPISODE VII - THE FORCE AWAKENS;2021-12-01 13:58:10;2021-12-19 12:10:58
Tersus velit assentator. Tantillus summa molestiae.;1;VANITY FAIR;;THE BIG LEBOWSKI;2021-12-27 19:41:35;2021-12-24 18:38:06
Pecco quis magni. Campana fuga tersus.;5;THE MOVING TOYSHOP;;MARY AND MAX;2021-12-16 05:43:45;2021-12-26 12:31:27
Tyrannus audio auris. Vinco carcer congregatio.;3;ENDLESS NIGHT;;L.A. CONFIDENTIAL;2021-12-07 01:41:44;2021-12-30 06:12:49
Tergo depulso soluta. Cumque auctus vere.;4;THE MONKEYS RAINCOAT;;INCEPTION;2021-12-29 07:04:24;2021-12-27 06:28:13
Contra congregatio tener. Censura abbas coruscus.;5;EYELESS IN GAZA;;LOCK STOCK AND TWO SMOKING BARRELS;2021-12-25 05:12:27;2021-12-26 05:15:09
Distinctio vacuus incidunt. Id nam sortitus.;1;GONE WITH THE WIND;;GLADIATOR;2021-12-12 06:03:25;2021-12-14 15:10:52
Pecus venia aperio. Comburo suasoria tantillus.;4;THE TORMENT OF OTHERS;;MR. SMITH GOES TO WASHINGTON;2021-12-05 12:33:13;2021-12-29 07:24:34
Talio antiquus eum. Blandior culpo alias.;1;IF I FORGET THEE JERUSALEM;;DOUBLE INDEMNITY;2021-12-07 08:48:08;2021-12-05 09:12:26
Vulpes confugo facilis. Cuppedia trans appello.;4;BLITHE SPIRIT;;HACKSAW RIDGE;2021-12-10 12:14:45;2021-12-17 22:16:16
Vicinus stultus comparo. Consequuntur talis atrox.;4;A TIME TO KILL;;THE GREAT DICTATOR;2021-12-06 06:40:59;2021-12-04 09:33:09
Tertius totidem thymbra. Strenuus tendo tot.;3;ITS A BATTLEFIELD;;INDIANA JONES AND THE LAST CRUSADE;2021-12-28 17:53:06;2021-12-02 07:24:35
Sollicito cultura utor. Culpa armo arbitro.;2;ARMS AND THE MAN;;ALL ABOUT EVE;2021-12-29 18:21:07;2021-12-17 05:49:01
Ea caelum arguo. Tui tergeo vigilo.;4;SURPRISED BY JOY;;THE THING;2021-12-08 03:42:22;2021-12-30 00:24:35
Sol derelinquo voluptatem. Colloco quia adiuvo.;3;CARRION COMFORT;;THE GENERAL;2021-12-24 08:00:22;2021-12-25 15:22:11
Spectaculum vis vitae. Sortitus degusto substantia.;4;THE WAY THROUGH THE WOODS;;LIFE OF BRIAN;2021-12-21 01:21:20;2021-12-16 14:29:22
Corrupti canto arceo. Vereor clibanus combibo.;5;EYELESS IN GAZA;;THE BRIDGE ON THE RIVER KWAI;2021-12-30 16:06:37;2021-12-18 05:55:51
Ex attero ager. Color quo commodi.;1;AS I LAY DYING;;THE GENERAL;2021-12-02 06:04:36;2021-12-16 01:18:22
Admitto ustilo testimonium. Voveo causa adfero.;1;BURY MY HEART AT WOUNDED KNEE;;A WEDNESDAY;2021-12-28 14:10:09;2021-12-27 12:10:26
Sopor patior caveo. Asper decipio corrupti.;5;EAST OF EDEN;;METROPOLIS;2021-12-18 20:41:34;2021-12-24 03:31:23
Abbas combibo adstringo. Urbs acceptus in.;1;THE GOLDEN BOWL;;SAVING PRIVATE RYAN;2021-12-14 04:44:50;2021-12-30 06:43:38
Tener ancilla certe. Spes templum eos.;1;THE LATHE OF HEAVEN;;MONTY PYTHON AND THE HOLY GRAIL;2021-12-24 23:27:09;2021-12-20 00:20:10
Admitto stabilis vicinus. Speciosus averto amo.;3;LILIES OF THE FIELD;;INSIDE OUT;2021-12-15 02:26:30;2021-12-08 01:32:13
Teneo studio utrimque. Testimonium architecto advenio.;1;WAITING FOR THE BARBARIANS;;THE GOLD RUSH;2021-12-13 22:10:17;2021-12-17 14:13:01
Angulus utpote autem. Angulus turba asper.;3;OH! TO BE IN ENGLAND;;STAR WARS: EPISODE I \u2013 THE PHANTOM MENACE;2021-12-12 11:08:32;2021-12-29 09:09:16
Apparatus peior decipio. Valens adhuc thymbra.;2;THINGS FALL APART;;PERSONA;2021-12-27 17:30:29;2021-12-05 17:23:21
Amita tenax vir. Aeneus theca viriliter.;1;THE MOVING FINGER;;THE DEER HUNTER;2021-12-26 15:40:16;2021-12-03 05:37:00
Veniam decet odit. At nesciunt tricesimus.;2;CLOUDS OF WITNESS;;NO COUNTRY FOR OLD MEN;2021-12-16 03:03:10;2021-12-08 21:02:23
Peior certo adficio. Versus conforto possimus.;3;O JERUSALEM!;;ONCE UPON A TIME IN AMERICA;2021-12-13 19:09:49;2021-12-12 13:25:26
Venustas demens rerum. Denuncio benigne acer.;4;THINGS FALL APART;;PLATOON;2021-12-15 23:32:51;2021-12-23 01:39:38
Aro facilis acquiro. Velociter calco territo.;2;BLITHE SPIRIT;;12 YEARS A SLAVE;2021-12-11 22:10:06;2021-12-29 17:02:26
Vitae acsi commodo. Libero arceo consuasor.;2;A TIME TO KILL;;VERTIGO;2021-12-15 00:02:04;2021-12-30 15:15:19
Administratio dolore molestiae. Condico audeo non.;4;THE YELLOW MEADS OF ASPHODEL;;HOW TO TRAIN YOUR DRAGON;2021-12-12 14:39:05;2021-12-12 00:29:12
Cohibeo pel substantia. Turpis agnitio vomica.;3;MR STANDFAST;;GOOD WILL HUNTING;2021-12-16 12:34:16;2021-12-06 20:53:46
Sui adduco aurum. Minus cupio adfero.;2;BEYOND THE MEXIQUE BAY;;THE MATRIX;2021-12-28 07:49:06;2021-12-04 17:44:44
Adopto spiculum defetiscor. Non aptus suffoco.;4;BURY MY HEART AT WOUNDED KNEE;;THE TERMINATOR;2021-12-23 01:37:05;2021-12-09 23:27:43
Debilito capto advenio. Sortitus velut pariatur.;1;THE WAY OF ALL FLESH;;TOY STORY 3;2021-12-16 07:26:00;2021-12-17 09:28:20
Dolor aetas aranea. Iure unus magni.;5;I SING THE BODY ELECTRIC;;THE PRESTIGE;2021-12-18 15:38:33;2021-12-17 11:20:51
Amita cicuta aspicio. Animi tubineus tribuo.;4;WHERE ANGELS FEAR TO TREAD;;THE BEST YEARS OF OUR LIVES;2021-12-04 10:51:46;2021-12-01 02:19:52
Numquam degero cursus. Veritas sulum aegrotatio.;4;THE TORMENT OF OTHERS;;APOCALYPSE NOW;2021-12-20 04:54:29;2021-12-16 00:47:20
Adultus socius vado. Voluptas consequuntur caveo.;1;TENDER IS THE NIGHT;;THE GREEN MILE;2021-12-15 20:44:02;2021-12-30 01:14:38
Minus coaegresco totam. Culpa congregatio rem.;1;FEAR AND TREMBLING;;CATCH ME IF YOU CAN;2021-12-30 20:20:59;2021-12-11 18:51:45
Tepidus ut cunctatio. Curtus cohors porro.;1;THIS LIME TREE BOWER;;THE KID;2021-12-15 12:44:37;2021-12-09 16:04:36
Praesentium canonicus crinis. Sonitus deficio non.;5;EAST OF EDEN;;THE BIG LEBOWSKI;2021-12-26 00:22:20;2021-12-27 11:46:23
Terror utilis quod. Argumentum articulus vito.;4;OF HUMAN BONDAGE;;THE WIZARD OF OZ;2021-12-03 04:15:46;2021-12-19 06:53:39
Desolo dolores depromo. Venia vado maiores.;1;INFINITE JEST;;ALL ABOUT EVE;2021-12-19 03:49:03;2021-12-08 07:52:13
Combibo atrox adulescens. Bestia tandem pauci.;2;THE WAY OF ALL FLESH;;WITNESS FOR THE PROSECUTION;2021-12-09 19:30:11;2021-12-11 01:44:27
Absque mollitia ea. Admitto optio ut.;5;SHALL NOT PERISH;;DOG DAY AFTERNOON;2021-12-23 03:18:33;2021-12-12 11:56:22
Ventito cognomen desolo. Virga audax curo.;5;AN ACCEPTABLE TIME;;THE KID;2021-12-30 00:26:18;2021-12-19 10:03:51
Coepi sit quod. Tametsi est vir.;1;FAME IS THE SPUR;;JAWS;2021-12-26 13:14:20;2021-12-30 06:24:19
Usus unus verto. Aggero acervus delicate.;3;THE PAINTED VEIL;;PULP FICTION;2021-12-12 10:32:07;2021-12-22 00:24:59
Vox ceno utrum. Alienus deficio dolor.;3;COVER HER FACE;;PSYCHO;2021-12-18 05:29:03;2021-12-04 21:46:08
Sui atrocitas crux. Acerbitas utroque ultra.;3;IF I FORGET THEE JERUSALEM;;A WEDNESDAY;2021-12-30 00:12:51;2021-12-14 22:52:17
Corona comminor placeat. Curiositas creator arma.;2;ARMS AND THE MAN;;BRAVEHEART;2021-12-16 13:52:22;2021-12-21 03:28:17
Vereor creber ut. Advenio pel succurro.;2;NOLI ME TANGERE;;BEAUTY AND THE BEAST;2021-12-06 15:08:49;2021-12-22 14:34:41
Creta deserunt porro. Culpa laudantium ars.;3;NO HIGHWAY;;THE SHAWSHANK REDEMPTION;2021-12-13 15:47:50;2021-12-17 20:15:03
Adaugeo tunc eius. Currus desino comminor.;4;THE LAST TEMPTATION;;TOY STORY;2021-12-19 07:30:34;2021-12-15 20:36:49
Stipes voro sum. Vester occaecati tui.;2;THE MONKEYS RAINCOAT;;FORREST GUMP;2021-12-28 15:04:08;2021-12-25 13:33:32
Cupiditate concedo sub. Quod turbo approbo.;2;WHERE ANGELS FEAR TO TREAD;;MODERN TIMES;2021-12-14 16:40:24;2021-12-19 21:16:27
Carbo taedium speciosus. Tardus defetiscor despirmatio.;5;FAME IS THE SPUR;;SNATCH;2021-12-05 09:42:46;2021-12-13 07:10:23
Varius aspernatur tabella. Dolores eligendi aut.;4;CARRION COMFORT;;PRINCESS MONONOKE;2021-12-24 13:15:14;2021-12-24 22:01:38
Quo celer suggero. Coniecto vulgus canto.;3;BURY MY HEART AT WOUNDED KNEE;;GONE GIRL;2021-12-30 22:55:12;2021-12-27 11:23:27
Trucido depono canonicus. Debitis ago venustas.;1;THE SUN ALSO RISES;;DUNKIRK;2021-12-06 07:30:28;2021-12-04 14:20:10
Audacia cultellus et. Ambitus quaerat subnecto.;4;FOR WHOM THE BELL TOLLS;;FINDING NEMO;2021-12-09 11:50:14;2021-12-10 23:16:49
Conitor cultellus peccatus. Debitis textilis suus.;4;VANITY FAIR;;STAR WARS: EPISODE III \u2013 REVENGE OF THE SITH;2021-12-12 03:07:26;2021-12-08 13:03:14
Quia accipio demergo. Urbs quia sonitus.;2;THE GOLDEN APPLES OF THE SUN;;SEVEN SAMURAI;2021-12-23 13:03:15;2021-12-05 05:06:00
Demoror verbum admoveo. Villa compello denique.;5;ALONE ON A WIDE WIDE SEA;;THE GODFATHER: PART II;2021-12-05 05:06:41;2021-12-06 15:50:42
Cubitum cenaculum auditor. Sequi et usque.;4;WHEN THE GREEN WOODS LAUGH;;THE GRAND BUDAPEST HOTEL;2021-12-27 00:58:45;2021-12-24 18:22:25
Abstergo vito deripio. Cruciamentum tener succurro.;4;THE LAST TEMPTATION;;CITY LIGHTS;2021-12-11 15:11:05;2021-12-06 04:05:45
Alioqui confero bos. Vado spero assentator.;5;ENDLESS NIGHT;;SPOTLIGHT;2021-12-15 00:53:03;2021-12-02 15:34:17
Venio caterva delinquo. Defluo apud vae.;5;INFINITE JEST;;COOL HAND LUKE;2021-12-15 15:09:04;2021-12-14 09:29:53
Totam defigo uterque. Amaritudo possimus colligo.;2;BUTTER IN A LORDLY DISH;;AMERICAN BEAUTY;2021-12-22 08:49:21;2021-12-28 09:26:41
Color sumo pecco. Audentia ex officia.;3;EAST OF EDEN;;FINDING NEMO;2021-12-29 14:25:34;2021-12-12 12:17:48
Demulceo bardus et. Bellicus et complectus.;1;BEYOND THE MEXIQUE BAY;;GOOD WILL HUNTING;2021-12-23 03:43:31;2021-12-10 20:09:53
Volo denique articulus. Cerno voluptates vallum.;2;PRECIOUS BANE;;A WEDNESDAY;2021-12-21 20:01:37;2021-12-19 10:12:42
Talus quia vacuus. Nulla tergeo tumultus.;5;ALONE ON A WIDE WIDE SEA;;THE BIG LEBOWSKI;2021-12-09 23:00:04;2021-12-24 07:18:51
Acquiro a mollitia. Thalassinus depromo hic.;3;THE MIRROR CRACKD FROM SIDE TO SIDE;;THE STING;2021-12-13 20:50:52;2021-12-25 15:43:09
Inflammatio aut ancilla. Capillus chirographum adiuvo.;3;THE GLORY AND THE DREAM;;TERMINATOR 2: JUDGMENT DAY;2021-12-23 08:22:09;2021-12-04 07:56:30
Arbor voco ater. Artificiose doloribus acsi.;5;TO SAY NOTHING OF THE DOG;;TO KILL A MOCKINGBIRD;2021-12-29 11:25:17;2021-12-28 22:11:51
Vesica adnuo curvo. Vereor unus verus.;1;THE WORLD THE FLESH AND THE DEVIL;;INSIDE OUT;2021-12-07 15:58:07;2021-12-02 13:35:22
Venio provident rerum. Subvenio aliquid adfero.;1;THE LAST ENEMY;;THE BOURNE ULTIMATUM;2021-12-17 04:39:13;2021-12-04 17:52:07
Ustulo verbera voluptates. Sunt curiositas deprecator.;3;CONSIDER THE LILIES;;VERTIGO;2021-12-10 18:33:47;2021-12-09 13:54:52
Aestivus talus suscipio. Attero cohaero reprehenderit.;4;THE SUN ALSO RISES;;INCEPTION;2021-12-12 04:46:47;2021-12-14 02:24:10
Aequus despirmatio magni. Conforto depereo subito.;5;THOSE BARREN LEAVES THRONES DOMINATIONS;;THE PRESTIGE;2021-12-08 03:58:07;2021-12-26 18:38:45
Atque qui ater. Viriliter necessitatibus alii.;3;FAME IS THE SPUR;;PLATOON;2021-12-17 12:23:28;2021-12-12 21:35:35
Rerum victus ullam. Vulgaris sit canto.;3;THE OTHER SIDE OF SILENCE;;SPOTLIGHT;2021-12-23 08:44:56;2021-12-05 08:28:25
Commodi omnis spiritus. Maiores acceptus labore.;2;THE WASTE LAND;;SUNRISE: A SONG OF TWO HUMANS;2021-12-03 00:22:26;2021-12-11 18:28:44
Sono capitulus angustus. Saepe defero veniam.;1;THE LINE OF BEAUTY;;L.A. CONFIDENTIAL;2021-12-01 03:24:31;2021-12-10 10:20:07
Magni defero confugo. Deprimo carcer admiratio.;4;THE LAST TEMPTATION;;LOCK STOCK AND TWO SMOKING BARRELS;2021-12-29 10:17:14;2021-12-22 17:21:51
Vitium alienus cupiditas. Abscido nulla vado.;1;CARRION COMFORT;;THE LIVES OF OTHERS;2021-12-26 06:48:43;2021-12-17 04:36:38
Deorsum cinis tredecim. Super demo tum.;4;THE MAN WITHIN;;THE USUAL SUSPECTS;2021-12-03 08:19:17;2021-12-28 01:43:31
Adamo caput eos. Depromo est ullam.;4;MANY WATERS;;HOW TO TRAIN YOUR DRAGON;2021-12-27 18:24:59;2021-12-22 02:55:50
Torqueo ut et. Cras crebro uter.;5;CARRION COMFORT;;BEFORE SUNRISE;2021-12-01 04:00:51;2021-12-05 12:00:28
Aggredior auctus vaco. Dignissimos absens neque.;5;AN EVIL CRADLING;;PLATOON;2021-12-06 14:11:39;2021-12-20 18:03:16
Vacuus thesaurus trans. Corona cognomen curso.;4;ALONE ON A WIDE WIDE SEA;;JURASSIC PARK;2021-12-27 21:49:44;2021-12-28 06:28:50
Decumbo tui sublime. Qui currus attonbitus.;2;ALONE ON A WIDE WIDE SEA;;DEAD POETS SOCIETY;2021-12-24 06:33:39;2021-12-08 10:57:00
Quaerat thalassinus vulticulus. Vigor uxor est.;5;THE LAST TEMPTATION;;TOY STORY 3;2021-12-18 14:02:26;2021-12-01 20:04:53
Abeo vix casso. Voco comedo arceo.;4;IF I FORGET THEE JERUSALEM;;TOY STORY 2;2021-12-01 23:15:10;2021-12-05 12:29:34
Villa clam vapulus. Quis textilis subnecto.;1;SURPRISED BY JOY;;GONE WITH THE WIND;2021-12-03 09:03:25;2021-12-05 03:07:07
Sumptus tabgo cervus. Decens adhaero administratio.;4;WAITING FOR THE BARBARIANS;;THE GODFATHER;2021-12-11 10:04:42;2021-12-29 15:18:46
Curvo creta capitulus. Arcus vestrum aperte.;2;THE WEALTH OF NATIONS;;RUSH;2021-12-08 06:55:24;2021-12-23 13:00:57
Triduana aut vero. Appello addo tubineus.;3;FAME IS THE SPUR;;STALKER;2021-12-12 10:43:39;2021-12-09 23:06:16
Acervus pecto coerceo. Aspernatur terga decor.;2;WHERE ANGELS FEAR TO TREAD;;STAR WARS: EPISODE VIII \u2013 THE LAST JEDI;2021-12-12 11:03:09;2021-12-17 11:12:09
Ventito carpo vero. Certus aegrotatio spiritus.;5;CARRION COMFORT;;TO KILL A MOCKINGBIRD;2021-12-07 11:19:23;2021-12-01 18:22:55
Corona aptus vulariter. Conscendo qui causa.;2;TENDER IS THE NIGHT;;PLATOON;2021-12-25 15:17:33;2021-12-01 00:58:40
Ter aqua vestrum. Vita labore agnosco.;2;BURY MY HEART AT WOUNDED KNEE;;IT HAPPENED ONE NIGHT;2021-12-23 17:26:59;2021-12-06 18:35:54
Cruentus ex varietas. Thermae vulpes pax.;1;THE WORLD THE FLESH AND THE DEVIL;;ONCE UPON A TIME IN AMERICA;2021-12-22 19:16:23;2021-12-24 13:06:39
Taedium aqua tamen. Taceo aegre adiuvo.;1;ENDLESS NIGHT;;SOME LIKE IT HOT;2021-12-24 09:38:30;2021-12-01 10:39:51
Ventosus nisi adfero. Magni bos civitas.;1;THINGS FALL APART;;CASABLANCA;2021-12-09 03:04:08;2021-12-23 21:36:17
Paens succedo deludo. Desparatus tum cado.;2;BLITHE SPIRIT;;COOL HAND LUKE;2021-12-27 10:58:30;2021-12-25 18:09:22
Odit necessitatibus succedo. Et desino stipes.;4;THE WORLD THE FLESH AND THE DEVIL;;V FOR VENDETTA;2021-12-19 15:30:52;2021-12-16 05:33:23
Amissio nesciunt quisquam. Angelus torrens adamo.;2;GONE WITH THE WIND;;BLADE RUNNER;2021-12-29 19:30:30;2021-12-12 20:50:59
Minima cursus stabilis. Cervus curtus temptatio.;4;THINGS FALL APART;;DEAD POETS SOCIETY;2021-12-26 16:03:46;2021-12-05 17:53:37
Repellat tristis suppono. Angelus testimonium repellat.;3;THE MONKEYS RAINCOAT;;STALKER;2021-12-01 09:45:15;2021-12-24 00:49:42
Aedificium est cur. Uterque cupiditate cupressus.;2;TENDER IS THE NIGHT;;A BEAUTIFUL MIND;2021-12-23 11:17:49;2021-12-19 06:21:39
Desipio perferendis cum. Tepidus arbor veritatis.;3;THE PARLIAMENT OF MAN;;SUNRISE: A SONG OF TWO HUMANS;2021-12-17 13:12:49;2021-12-29 16:50:35
Repellendus super carbo. Trans cohibeo paens.;5;IN DEATH GROUND;;GRAN TORINO;2021-12-24 23:31:19;2021-12-24 13:35:39
Bibo volo ceno. Vultuosus qui admoneo.;4;ARMS AND THE MAN;;STALKER;2021-12-06 22:05:31;2021-12-08 20:19:12
Vulgo stipes paulatim. Decumbo alias timor.;2;HAVE HIS CARCASE;;INTERSTELLAR;2021-12-08 08:35:33;2021-12-02 22:08:50
Ea viscus despirmatio. Caput attonbitus succurro.;1;THAT GOOD NIGHT;;RAGING BULL;2021-12-01 05:24:28;2021-12-18 08:44:10
Cohors corona thymum. Aegrotatio atavus sunt.;3;THE GOLDEN BOWL;;SHUTTER ISLAND;2021-12-11 09:22:47;2021-12-30 08:53:32
Acervus antea viriliter. Abeo utpote facilis.;2;MANY WATERS;;STAR WARS: EPISODE VII - THE FORCE AWAKENS;2021-12-17 09:36:12;2021-12-03 04:14:08
Supra annus auctus. Stips sophismata cattus.;5;THE PAINTED VEIL;;ONCE UPON A TIME IN THE WEST;2021-12-20 02:27:41;2021-12-14 18:30:26
Tres veritatis tum. Viscus cariosus corpus.;4;THE GOLDEN BOWL;;STAR WARS: EPISODE V - THE EMPIRE STRIKES BACK;2021-12-21 08:07:35;2021-12-21 00:49:53
Caritas pariatur patrocinor. Causa vilicus aequus.;1;TO YOUR SCATTERED BODIES GO;;SCARFACE;2021-12-27 16:19:37;2021-12-02 13:47:23
Tredecim depono tunc. Contra combibo trado.;2;THE YELLOW MEADS OF ASPHODEL;;THERE WILL BE BLOOD;2021-12-12 20:32:49;2021-12-07 04:38:51
Arto iste considero. Curvo conservo curatio.;4;WHEN THE GREEN WOODS LAUGH;;THE APARTMENT;2021-12-16 03:41:47;2021-12-27 03:10:28
Eaque uredo cenaculum. Validus tutamen compello.;3;FOR WHOM THE BELL TOLLS;;THE KID;2021-12-20 06:21:20;2021-12-06 22:14:12
Triduana ea bene. Tactus suffragium sollers.;5;THE GOLDEN BOWL;;STAR WARS: EPISODE III \u2013 REVENGE OF THE SITH;2021-12-14 17:02:01;2021-12-26 20:43:34
Admiratio derelinquo celebrer. Aedificium acsi pax.;5;TO SAY NOTHING OF THE DOG;;PRISONERS;2021-12-06 13:51:05;2021-12-21 20:15:17
Maiores aliqua similique. Coepi deripio vita.;2;NO LONGER AT EASE;;TOY STORY;2021-12-13 12:54:02;2021-12-29 10:01:14
Peior qui nisi. Suus delibero defleo.;2;THE OTHER SIDE OF SILENCE;;INGLOURIOUS BASTERDS;2021-12-08 09:59:41;2021-12-10 00:14:54
Quidem venio curis. Eos aureus triduana.;4;THE LITTLE FOXES;;STAR WARS: EPISODE III \u2013 REVENGE OF THE SITH;2021-12-01 21:42:33;2021-12-17 23:13:50
Non curatio dicta. Id constans capillus.;4;BURY MY HEART AT WOUNDED KNEE;;TO KILL A MOCKINGBIRD;2021-12-10 22:15:15;2021-12-24 19:23:08
Id abduco venustas. Sortitus porro non.;3;MANY WATERS;;THE PIANIST;2021-12-22 16:45:56;2021-12-21 08:37:45
Patria textilis compello. Ciminatio deprecator videlicet.;4;GONE WITH THE WIND;;CASABLANCA;2021-12-11 02:13:26;2021-12-10 08:27:59
Modi vulnus enim. Delicate vorax minima.;3;FAME IS THE SPUR;;IT HAPPENED ONE NIGHT;2021-12-15 21:17:18;2021-12-06 14:33:33
Vapulus colo terga. Adhuc aedificium temporibus.;2;INFINITE JEST;;THE MALTESE FALCON;2021-12-18 02:19:59;2021-12-17 16:25:16
Aestus vis verus. Contra perferendis vox.;1;A TIME OF GIFTS;;METROPOLIS;2021-12-22 07:22:13;2021-12-25 04:54:09
Delicate ciminatio vere. Torqueo confido subiungo.;4;BEYOND THE MEXIQUE BAY;;MEMENTO;2021-12-18 20:40:05;2021-12-20 07:52:09
Aeger facere ara. Subseco vulgaris aduro.;5;FAME IS THE SPUR;;THE USUAL SUSPECTS;2021-12-07 15:40:49;2021-12-23 21:56:33
Colloco sunt et. Tyrannus depromo tenax.;3;THE YELLOW MEADS OF ASPHODEL;;FULL METAL JACKET;2021-12-23 20:32:18;2021-12-07 23:56:30
Bestia cimentarius vel. Admitto cras versus.;4;THE WAY OF ALL FLESH;;BEAUTY AND THE BEAST;2021-12-12 20:53:54;2021-12-24 02:13:23
Cornu corpus terebro. Adulescens certo adsuesco.;3;CONSIDER THE LILIES;;OLDEUBOI;2021-12-10 06:35:39;2021-12-03 04:11:03
Cupio assumenda vox. Vos abscido arcesso.;1;ITS A BATTLEFIELD;;PSYCHO;2021-12-19 14:19:38;2021-12-24 07:16:39
Velit creator in. Accedo vergo sint.;1;THE GLORY AND THE DREAM;;THE LORD OF THE RINGS: THE FELLOWSHIP OF THE RING;2021-12-27 15:38:27;2021-12-15 03:02:10
Pecco iste quidem. Atavus paens solitudo.;2;THE GOLDEN APPLES OF THE SUN;;THE ELEPHANT MAN;2021-12-29 21:28:00;2021-12-28 03:47:38
Vergo velociter bardus. Facere subvenio sophismata.;1;BUTTER IN A LORDLY DISH;;THE LORD OF THE RINGS: THE TWO TOWERS;2021-12-24 06:24:03;2021-12-05 23:28:15
Laudantium bellum concido. Cuius tollo alii.;2;I SING THE BODY ELECTRIC;;GOODFELLAS;2021-12-02 02:02:08;2021-12-28 23:31:47
Delibero iure venio. Comprehendo saepe animi.;5;CLOUDS OF WITNESS;;IN THE NAME OF THE FATHER;2021-12-11 22:47:20;2021-12-27 14:17:29
Considero supplanto pecunia. Benigne alias temporibus.;4;THE WASTE LAND;;NUOVO CINEMA PARADISO;2021-12-11 04:00:34;2021-12-27 13:14:37
Pecunia allatus volup. Aperio aufero venia.;3;THINGS FALL APART;;GONE GIRL;2021-12-01 02:10:41;2021-12-25 01:45:53
Omnis suus earum. Derelinquo cenaculum versus.;1;THE MOVING FINGER;;THE DEPARTED;2021-12-10 15:22:39;2021-12-26 17:28:27
Viriliter acer eum. Cedo amoveo thalassinus.;1;BLITHE SPIRIT;;THE DEPARTED;2021-12-09 21:41:35;2021-12-28 21:09:38
Thesaurus clibanus vester. Tamdiu adultus quo.;3;GONE WITH THE WIND;;V FOR VENDETTA;2021-12-25 17:19:58;2021-12-20 14:36:08
Vetus deorsum terra. Canto crux torqueo.;4;ENDLESS NIGHT;;TOY STORY 2;2021-12-01 04:09:01;2021-12-21 10:27:58
Solus alter vesco. Corrupti summa tenuis.;3;AN EVIL CRADLING;;THE ELEPHANT MAN;2021-12-11 20:31:59;2021-12-04 15:56:32
Vae caecus conforto. Creber creo theatrum.;3;THE GOLDEN APPLES OF THE SUN;;THE BIG LEBOWSKI;2021-12-26 13:36:41;2021-12-22 05:02:04
Casso ademptio placeat. Comes nihil tenuis.;2;FAME IS THE SPUR;;LIFE IS BEAUTIFUL;2021-12-02 14:21:18;2021-12-28 19:22:47
Verumtamen adinventitias velociter. Cultellus unde autem.;1;BUTTER IN A LORDLY DISH;;THE APARTMENT;2021-12-02 02:33:00;2021-12-30 22:21:10
Adulatio suggero advoco. Compello suscipit arcus.;5;NUMBER THE STARS;;CITY LIGHTS;2021-12-18 18:18:09;2021-12-03 17:19:21
Curatio advenio subvenio. Aetas adduco apostolus.;4;FOR WHOM THE BELL TOLLS;;DONNIE DARKO;2021-12-08 05:31:31;2021-12-25 04:36:00
Comedo deficio reprehenderit. Ancilla cogo cedo.;5;NO HIGHWAY;;JUDGMENT AT NUREMBERG;2021-12-03 01:59:37;2021-12-16 00:56:28
Accendo tempus cedo. Suscipit ventito ullus.;4;THE MAN WITHIN;;THE BEST YEARS OF OUR LIVES;2021-12-26 07:45:24;2021-12-25 23:12:01
Voluptas conventus velum. Tardus vorax id.;5;THE LAST ENEMY;;THE STING;2021-12-16 02:18:47;2021-12-18 07:01:06
Cattus cresco tam. Denique claustrum arbitro.;5;FOR WHOM THE BELL TOLLS;;THE USUAL SUSPECTS;2021-12-02 05:36:08;2021-12-20 12:39:20
Curtus vinitor coerceo. Arceo corrigo armarium.;2;FOR A BREATH I TARRY;;TOY STORY 3;2021-12-16 14:33:47;2021-12-10 06:03:33
Ut curo recusandae. Arceo vae nobis.;4;WAITING FOR THE BARBARIANS;;SHOLAY;2021-12-05 09:15:27;2021-12-26 15:25:25
Quod certe coruscus. Texo tricesimus verumtamen.;3;NO LONGER AT EASE;;PSYCHO;2021-12-22 21:40:12;2021-12-14 02:29:47
Supellex aureus usitas. Iusto torqueo truculenter.;2;THE MOVING FINGER;;STAR WARS: EPISODE IX \u2013 THE RISE OF SKYWALKER;2021-12-05 13:41:13;2021-12-27 03:35:14
Summopere aspernatur talus. Vos cernuus infit.;2;THE CURIOUS INCIDENT OF THE DOG IN THE NIGHT-TIME;;UNFORGIVEN;2021-12-22 18:00:21;2021-12-17 18:49:37
Atrox cupressus verus. Tametsi crepusculum videlicet.;5;EVERYTHING IS ILLUMINATED;;THE KID;2021-12-01 08:40:36;2021-12-30 20:36:01
Et adulescens quo. Valde corroboro arguo.;1;BLITHE SPIRIT;;3 IDIOTS;2021-12-06 02:57:16;2021-12-29 01:29:02
Aggero cilicium cetera. At dens bellum.;4;IN DEATH GROUND;;THE MATRIX;2021-12-19 00:56:48;2021-12-05 03:37:02
Tyrannus adamo vehemens. Ut assumenda spiculum.;2;WHERE ANGELS FEAR TO TREAD;;PULP FICTION;2021-12-16 16:31:24;2021-12-24 15:16:37
Atrox ademptio spes. Suppellex coniecto facilis.;2;MOTHER NIGHT;;PRINCESS MONONOKE;2021-12-27 14:06:25;2021-12-07 19:09:08
Sordeo considero mollitia. Credo curriculum sit.;4;NUMBER THE STARS;;ROCKY;2021-12-19 23:40:55;2021-12-25 16:40:42
Omnis vivo articulus. Ara territo textus.;2;THE CURIOUS INCIDENT OF THE DOG IN THE NIGHT-TIME;;THE WIZARD OF OZ;2021-12-07 22:53:39;2021-12-07 19:33:15
Cupio decimus usitas. Aggero necessitatibus volup.;4;LET US NOW PRAISE FAMOUS MEN;;ROCKY;2021-12-29 02:25:45;2021-12-05 01:41:10
Valeo succedo quam. Canto viduo corrigo.;3;BLITHE SPIRIT;;PARIS TEXAS;2021-12-02 00:14:45;2021-12-15 07:50:59
Venustas velut iusto. Consequuntur depraedor voluptatem.;2;THOSE BARREN LEAVES THRONES DOMINATIONS;;HOW TO TRAIN YOUR DRAGON;2021-12-14 04:39:12;2021-12-21 02:53:10
Triumphus reiciendis varietas. Crux atavus solitudo.;4;THE PAINTED VEIL;;ETERNAL SUNSHINE OF THE SPOTLESS MIND;2021-12-19 10:22:11;2021-12-20 14:59:40
Bardus cito aegre. Decimus supplanto armo.;1;WHERE ANGELS FEAR TO TREAD;;THE SIXTH SENSE;2021-12-05 03:56:49;2021-12-22 02:54:14
Creber vel tracto. Vel ventosus angelus.;2;CONSIDER THE LILIES;;STAR WARS: EPISODE II \u2013 ATTACK OF THE CLONES;2021-12-12 13:31:51;2021-12-10 20:52:10
Tempore est odit. Totam occaecati vulnero.;4;THE LITTLE FOXES;;LOCK STOCK AND TWO SMOKING BARRELS;2021-12-03 04:18:51;2021-12-24 22:00:28
Deorsum venia corrumpo. Amissio spero degero.;3;THE WAY THROUGH THE WOODS;;CIDADE DE DEUS;2021-12-29 04:42:44;2021-12-18 11:09:34
Auditor arbor magni. Texo aestus odit.;2;FOR A BREATH I TARRY;;WITNESS FOR THE PROSECUTION;2021-12-23 15:48:36;2021-12-16 14:40:19
Contra spiritus admoveo. Dicta clam vulnus.;5;THE GOLDEN APPLES OF THE SUN;;DONNIE DARKO;2021-12-06 19:02:46;2021-12-27 15:26:53
In vulnero caveo. Bis et sumptus.;4;NO LONGER AT EASE;;MAD MAX: FURY ROAD;2021-12-09 08:56:56;2021-12-11 14:40:27
Spectaculum demoror decens. Vicinus adipiscor considero.;5;STRANGER IN A STRANGE LAND;;THE USUAL SUSPECTS;2021-12-22 18:43:56;2021-12-05 12:34:09
Versus tergeo aureus. Possimus vulgo contego.;3;O JERUSALEM!;;BACK TO THE FUTURE;2021-12-13 11:42:15;2021-12-13 20:41:00
Allatus stella tamquam. Usque despecto itaque.;4;THE MOVING FINGER;;THE TERMINATOR;2021-12-25 05:00:34;2021-12-22 14:49:59
Apto aetas victoria. Contabesco modi teneo.;3;EYELESS IN GAZA;;DOUBLE INDEMNITY;2021-12-19 11:05:24;2021-12-03 22:18:27
Totus vehemens vinco. Ustulo sint veritas.;5;THOSE BARREN LEAVES THRONES DOMINATIONS;;SUNRISE: A SONG OF TWO HUMANS;2021-12-22 07:33:19;2021-12-07 21:41:56
Currus quibusdam certe. Ut ait coaegresco.;3;FROM HERE TO ETERNITY;;CITY OF GOD;2021-12-20 11:59:12;2021-12-25 10:24:24
Vero reiciendis sit. Vitium canonicus communis.;5;MOAB IS MY WASHPOT;;STAR WARS: EPISODE V - THE EMPIRE STRIKES BACK;2021-12-05 16:50:38;2021-12-01 03:30:00
Decumbo terga summisse. Corrumpo talis viduata.;1;BURY MY HEART AT WOUNDED KNEE;;THE BOURNE ULTIMATUM;2021-12-01 15:24:40;2021-12-11 04:21:59
Sit vomica vulariter. Annus testimonium bonus.;2;THE MIRROR CRACKD FROM SIDE TO SIDE;;PARIS TEXAS;2021-12-03 09:52:27;2021-12-05 02:58:36
Cribro tenuis in. Thalassinus caute caste.;5;THE CURIOUS INCIDENT OF THE DOG IN THE NIGHT-TIME;;STALKER;2021-12-05 00:57:22;2021-12-29 13:01:56
Quia temporibus corrumpo. Accusamus excepturi odio.;2;THE LITTLE FOXES;;JUDGMENT AT NUREMBERG;2021-12-10 07:57:45;2021-12-09 01:26:36
Adeptio demens aut. Tristis cilicium ascit.;1;BUTTER IN A LORDLY DISH;;THE GODFATHER: PART II;2021-12-07 23:02:03;2021-12-21 18:31:28
Dolor ait decerno. Caveo verto auxilium.;2;HAVE HIS CARCASE;;INTOUCHABLES;2021-12-26 23:34:43;2021-12-28 12:28:10
Vestrum certo ipsa. Depraedor molestiae corrigo.;5;LILIES OF THE FIELD;;THE DARK KNIGHT;2021-12-29 05:16:14;2021-12-13 09:51:43
Articulus somniculosus vesper. Verus cribro sortitus.;2;EVERYTHING IS ILLUMINATED;;THERE WILL BE BLOOD;2021-12-22 02:18:17;2021-12-18 10:25:56
Trado sit admitto. Sub voluptatibus denego.;5;COVER HER FACE;;THE DEPARTED;2021-12-22 10:02:39;2021-12-30 02:53:53
Delicate aut utpote. Vorax denuo tertius.;3;AS I LAY DYING;;MEMENTO;2021-12-06 07:18:08;2021-12-28 08:49:19
Adulescens vulgus deripio. Sint cicuta contego.;2;THE CURIOUS INCIDENT OF THE DOG IN THE NIGHT-TIME;;SPOTLIGHT;2021-12-22 21:56:54;2021-12-08 08:35:59
Arbustum dolores virgo. Placeat turbo advoco.;4;BUTTER IN A LORDLY DISH;;MONSTERS INC.;2021-12-01 13:07:55;2021-12-19 16:04:02
Vulticulus suspendo adaugeo. Nobis decerno peccatus.;2;MOTHER NIGHT;;SOME LIKE IT HOT;2021-12-01 14:18:23;2021-12-03 18:29:51
Tergeo veniam sophismata. Concedo aggero vinum.;3;OH! TO BE IN ENGLAND;;MONTY PYTHON AND THE HOLY GRAIL;2021-12-19 08:18:53;2021-12-29 16:39:33
Careo apud abstergo. Doloremque solium claustrum.;3;THE PARLIAMENT OF MAN;;THE GREAT DICTATOR;2021-12-26 21:16:38;2021-12-29 20:26:31
Utrum at civis. Claudeo denique quia.;1;THE WAY OF ALL FLESH;;PLATOON;2021-12-25 08:50:03;2021-12-22 02:13:13
Texo alter xiphias. Aequitas quos chirographum.;5;THE WASTE LAND;;WITNESS FOR THE PROSECUTION;2021-12-03 09:22:57;2021-12-13 04:25:03
Quaerat denego conspergo. Assentator despecto succedo.;5;ITS A BATTLEFIELD;;ALL ABOUT EVE;2021-12-27 02:58:01;2021-12-10 12:05:34
Absorbeo capillus tonsor. Sustineo tamisium virtus.;2;THE TORMENT OF OTHERS;;STAR WARS: EPISODE VII - THE FORCE AWAKENS;2021-12-23 14:50:17;2021-12-21 12:14:21
Solitudo totus esse. Cotidie tyrannus impedit.;3;CLOUDS OF WITNESS;;NETWORK;2021-12-23 15:30:37;2021-12-06 19:13:28
Ante est illum. Confido benevolentia defungo.;5;NO LONGER AT EASE;;ROOM;2021-12-11 00:52:52;2021-12-16 14:58:37
Porro desidero cubicularis. Depopulo aufero eveniet.;4;CLOUDS OF WITNESS;;TAXI DRIVER;2021-12-01 14:02:09;2021-12-02 03:55:50
Suffoco bos delibero. Thermae viriliter viridis.;4;CARRION COMFORT;;TWELVE MONKEYS;2021-12-22 04:33:07;2021-12-04 04:53:48
Thalassinus somniculosus approbo. Avoco quis apostolus.;4;TIGER! TIGER!;;PULP FICTION;2021-12-01 04:40:08;2021-12-13 00:37:18
Articulus tollo pax. Uxor amita urbanus.;4;THAT GOOD NIGHT;;THE GRAND BUDAPEST HOTEL;2021-12-27 05:43:44;2021-12-02 07:13:05
Comis quasi contego. Calco veniam sortitus.;3;NUMBER THE STARS;;CIDADE DE DEUS;2021-12-23 19:20:57;2021-12-23 09:07:53
Cenaculum cornu optio. Caritas tabgo tumultus.;1;TIGER! TIGER!;;THE BEST YEARS OF OUR LIVES;2021-12-14 12:52:46;2021-12-01 15:47:58
Strues culpa pax. Paulatim degenero nemo.;1;THE LAST ENEMY;;12 YEARS A SLAVE;2021-12-28 23:12:50;2021-12-18 23:03:12
Victus pauper capitulus. Allatus quasi vulnero.;5;THE OTHER SIDE OF SILENCE;;FINDING NEMO;2021-12-13 04:50:36;2021-12-19 07:03:49
Teres creator accusantium. Dolorem triginta sint.;2;COVER HER FACE;;STAR WARS: EPISODE IV \u2013 A NEW HOPE;2021-12-03 07:31:08;2021-12-12 19:02:43
Doloribus possimus officiis. Tergo adipisci corpus.;1;THE WAY OF ALL FLESH;;WITNESS FOR THE PROSECUTION;2021-12-07 23:34:05;2021-12-20 10:11:42
Stillicidium vinitor aspicio. Amissio ultra cunabula.;2;VANITY FAIR;;THE GRAPES OF WRATH;2021-12-13 01:28:31;2021-12-09 03:18:11
Laboriosam vesica verumtamen. Hic ars aer.;5;THE MIRROR CRACKD FROM SIDE TO SIDE;;TOUCH OF EVIL;2021-12-08 14:48:44;2021-12-09 13:23:34
Acquiro celer solvo. Adaugeo ut demens.;2;FROM HERE TO ETERNITY;;THE LORD OF THE RINGS: THE RETURN OF THE KING;2021-12-27 13:45:21;2021-12-29 01:13:39
Omnis rerum nemo. Tantum torqueo eum.;2;THE SOLDIERS ART;;WITNESS FOR THE PROSECUTION;2021-12-09 08:22:34;2021-12-29 23:15:47
Tardus error vox. Demonstro corroboro apud.;4;THE SUN ALSO RISES;;WALLÂ·E;2021-12-06 08:10:07;2021-12-11 04:15:10
Via cupiditate est. Omnis cribro degero.;3;OF HUMAN BONDAGE;;PAPER MOON;2021-12-18 10:48:32;2021-12-12 07:43:44
Vicinus terga capio. Inflammatio deludo varietas.;2;BEYOND THE MEXIQUE BAY;;WITNESS FOR THE PROSECUTION;2021-12-15 19:10:51;2021-12-20 11:31:35
Consectetur spoliatio patria. Ulciscor collum accedo.;3;BLITHE SPIRIT;;SCARFACE;2021-12-10 12:39:56;2021-12-17 19:21:46
Conicio demulceo convoco. Truculenter auxilium cohors.;3;FROM HERE TO ETERNITY;;AMERICAN BEAUTY;2021-12-27 17:16:51;2021-12-21 21:52:47
Talis tergeo tribuo. Stella unde deprimo.;5;O JERUSALEM!;;PATHS OF GLORY;2021-12-27 04:03:59;2021-12-24 16:28:36
Creta tabesco somnus. Ancilla vito fugiat.;3;THE GOLDEN BOWL;;BLADE RUNNER;2021-12-12 08:43:21;2021-12-19 20:31:55
Cito tempore verus. Conventus sufficio benigne.;2;CLOUDS OF WITNESS;;CHINATOWN;2021-12-22 21:28:20;2021-12-29 18:23:09
Consequuntur rem anser. Voluptatibus subvenio demens.;1;THE LATHE OF HEAVEN;;CATCH ME IF YOU CAN;2021-12-14 01:53:57;2021-12-09 09:05:28
Rerum theologus auris. Tabesco vel adamo.;5;ITS A BATTLEFIELD;;THE BRIDGE ON THE RIVER KWAI;2021-12-17 06:04:44;2021-12-04 14:14:50
Debeo desipio cresco. Velum cotidie aranea.;5;I SING THE BODY ELECTRIC;;THE LORD OF THE RINGS: THE TWO TOWERS;2021-12-15 23:10:07;2021-12-22 11:07:03
Incidunt repellat vinitor. Vesper amet aliqua.;5;THE YELLOW MEADS OF ASPHODEL;;THE LORD OF THE RINGS: THE TWO TOWERS;2021-12-21 15:29:45;2021-12-02 08:43:53
Molestiae coruscus tam. Amitto somnus stips.;5;AN EVIL CRADLING;;PAPER MOON;2021-12-17 14:59:35;2021-12-11 03:11:18
Confero urbanus ducimus. Culpa tener ustilo.;4;A TIME TO KILL;;PULP FICTION;2021-12-10 02:17:57;2021-12-10 19:37:08
Clamo volva peior. Apud bellicus rerum.;2;THE LAST ENEMY;;CHINATOWN;2021-12-09 12:16:46;2021-12-02 15:44:17
Suspendo aufero arto. Inventore derelinquo ut.;5;THE PARLIAMENT OF MAN;;PERSONA;2021-12-13 23:04:50;2021-12-16 18:06:03
Tabella conatus hic. Aut terga qui.;2;THE LAST ENEMY;;NORTH BY NORTHWEST;2021-12-08 16:42:19;2021-12-25 16:34:17
Et curo villa. Decipio vinculum comprehendo.;4;RECALLED TO LIFE;;PLATOON;2021-12-05 13:13:13;2021-12-01 08:28:43
Peccatus temeritas acceptus. Aedificium artificiose atrocitas.;4;THINGS FALL APART;;GOOD WILL HUNTING;2021-12-11 18:19:15;2021-12-18 09:46:05
Degero aut sunt. Depono ad virga.;5;MANY WATERS;;STAR WARS: EPISODE I \u2013 THE PHANTOM MENACE;2021-12-06 12:05:19;2021-12-08 17:04:16
Cado coepi decerno. Sulum adulescens tui.;1;RECALLED TO LIFE;;FORREST GUMP;2021-12-05 00:40:02;2021-12-29 21:18:28
Vel aut totidem. Vos tribuo voluptatem.;4;AN ACCEPTABLE TIME;;HOW TO TRAIN YOUR DRAGON;2021-12-19 00:25:15;2021-12-22 03:01:55
Quidem varietas curiositas. Cenaculum cito adhuc.;5;SURPRISED BY JOY;;CITIZEN KANE;2021-12-22 09:14:10;2021-12-02 16:41:12
Alius colligo alo. Vel comptus ocer.;4;THE WEALTH OF NATIONS;;ALIEN;2021-12-23 10:10:43;2021-12-22 09:48:37
Terror tametsi fugit. Candidus alias aggero.;4;THE WORLD THE FLESH AND THE DEVIL;;CATCH ME IF YOU CAN;2021-12-19 20:14:43;2021-12-06 00:17:20
Aeneus quod aggero. Comitatus terga arguo.;1;TO YOUR SCATTERED BODIES GO;;THE GODFATHER: PART II;2021-12-26 16:46:25;2021-12-15 22:56:55
Cedo alter accendo. Asperiores conatus summisse.;4;THAT GOOD NIGHT;;THE PRESTIGE;2021-12-17 21:12:16;2021-12-11 06:42:46
Sint pecto articulus. Quo tantum copiose.;1;TO SAY NOTHING OF THE DOG;;THE KID;2021-12-12 04:54:08;2021-12-25 18:03:16
Amissio ipsum utpote. Reiciendis subiungo tener.;5;THE MONKEYS RAINCOAT;;ALL ABOUT EVE;2021-12-11 13:19:38;2021-12-15 04:32:09
Apostolus venustas trado. Arcus amo veritas.;4;A HANDFUL OF DUST;;LIFE OF BRIAN;2021-12-18 22:39:26;2021-12-12 16:15:15
Atrocitas timidus damno. Socius tergum votum.;5;THE GLORY AND THE DREAM;;12 YEARS A SLAVE;2021-12-22 15:19:27;2021-12-20 01:20:21
Tricesimus iure culpa. Conor cursus centum.;3;THE GOLDEN APPLES OF THE SUN;;THE LORD OF THE RINGS: THE FELLOWSHIP OF THE RING;2021-12-03 15:12:40;2021-12-27 21:56:54
Ulterius utor unde. Caput placeat aegrus.;5;BLITHE SPIRIT;;THE SILENCE OF THE LAMBS;2021-12-20 02:03:16;2021-12-08 01:10:53
Ubi pecto ex. Desipio summisse odio.;1;WAITING FOR THE BARBARIANS;;LA LA LAND;2021-12-27 03:50:59;2021-12-24 17:41:42
Clam quis decretum. Quibusdam est sodalitas.;5;BEYOND THE MEXIQUE BAY;;TOY STORY 3;2021-12-04 01:52:57;2021-12-02 15:41:51
Aperte ultra tantillus. Timor deficio barba.;4;I SING THE BODY ELECTRIC;;BEFORE SUNRISE;2021-12-05 05:28:30;2021-12-28 00:35:01
Auxilium solium taedium. Alioqui et urbs.;5;A TIME TO KILL;;NUOVO CINEMA PARADISO;2021-12-22 05:46:18;2021-12-23 09:08:49
Cetera accusantium civis. Maxime xiphias cena.;5;HAVE HIS CARCASE;;DEAD POETS SOCIETY;2021-12-21 21:23:38;2021-12-28 17:20:37
Tam amicitia vulpes. Voluptas dedico viriliter.;5;STRANGER IN A STRANGE LAND;;IN THE NAME OF THE FATHER;2021-12-27 16:43:02;2021-12-30 14:16:39
Laudantium atavus clam. Decor cogo admitto.;2;OH! TO BE IN ENGLAND;;THE GRAND BUDAPEST HOTEL;2021-12-21 17:05:44;2021-12-26 11:43:41
Vinum xiphias est. Succedo tametsi dolorum.;4;THE LAST TEMPTATION;;THE TRUMAN SHOW;2021-12-15 22:44:36;2021-12-02 18:44:41
Quo vero creo. Alias vado valetudo.;3;OF HUMAN BONDAGE;;TWELVE MONKEYS;2021-12-10 15:08:08;2021-12-17 18:49:34
Videlicet terreo attollo. Alioqui sumo voluptates.;2;SHALL NOT PERISH;;DEAD POETS SOCIETY;2021-12-29 03:57:34;2021-12-14 23:36:09
Quam voluptatem sed. Adfectus quos armo.;4;VANITY FAIR;;FORREST GUMP;2021-12-27 20:21:53;2021-12-11 00:42:40
Tabgo absum defetiscor. Impedit sonitus amicitia.;3;THE WASTE LAND;;BLADE RUNNER;2021-12-02 07:57:29;2021-12-19 20:32:29
Aut assumenda decet. Appositus abscido conscendo.;2;EYELESS IN GAZA;;DIE HARD;2021-12-24 21:19:51;2021-12-28 12:28:16
Vehemens tertius cibus. Et tredecim caput.;1;THINGS FALL APART;;STALKER;2021-12-25 19:18:36;2021-12-08 03:38:17
Spectaculum cibo conculco. Voluptatum currus ultra.;2;OH! TO BE IN ENGLAND;;STAR WARS: EPISODE I \u2013 THE PHANTOM MENACE;2021-12-17 06:41:17;2021-12-01 06:11:24
Tubineus ventosus adnuo. Contabesco ait argumentum.;5;SURPRISED BY JOY;;RAIDERS OF THE LOST ARK;2021-12-11 23:17:35;2021-12-20 00:02:56
Bos velit cetera. Adimpleo votum certo.;3;SURPRISED BY JOY;;MARY AND MAX;2021-12-23 19:48:02;2021-12-17 16:34:28
Stabilis absum sapiente. Cedo adflicto vociferor.;4;THE MIRROR CRACKD FROM SIDE TO SIDE;;TERMINATOR 2: JUDGMENT DAY;2021-12-07 21:59:24;2021-12-06 22:32:08
Contigo beneficium damno. Somnus coniuratio cogo.;5;WAITING FOR THE BARBARIANS;;PATHS OF GLORY;2021-12-02 22:07:04;2021-12-22 13:53:42
Clamo vulpes convoco. Casso debeo anser.;1;FROM HERE TO ETERNITY;;STALKER;2021-12-06 21:13:53;2021-12-07 08:02:50
Non urbanus vicissitudo. Volubilis capillus audeo.;4;I SING THE BODY ELECTRIC;;BLADE RUNNER;2021-12-20 12:45:46;2021-12-17 06:09:37
Casus cupio velociter. Caelum vobis omnis.;3;THE HEART IS A LONELY HUNTER;;SPOTLIGHT;2021-12-02 12:17:47;2021-12-29 20:08:11
Circumvenio aliquam cometes. Caelestis arto teneo.;5;A PASSAGE TO INDIA;;MEMENTO;2021-12-22 06:15:38;2021-12-09 22:39:54
Atrox et auditor. Avarus ubi pecco.;4;THE GREEN BAY TREE;;ETERNAL SUNSHINE OF THE SPOTLESS MIND;2021-12-21 05:10:01;2021-12-23 20:43:14
Molestiae crapula acsi. Velum fugit civis.;3;TO A GOD UNKNOWN;;THE STING;2021-12-20 01:50:41;2021-12-05 06:48:53
Demonstro non cupiditate. Considero commemoro quia.;3;SHALL NOT PERISH;;TOUCH OF EVIL;2021-12-06 12:46:33;2021-12-02 12:22:25
Qui antiquus turpis. Molestiae cado a.;2;BUTTER IN A LORDLY DISH;;BICYCLE THIEVES;2021-12-16 08:22:26;2021-12-24 22:17:19
Voluptatem odit cohibeo. Tollo capitulus titulus.;1;RECALLED TO LIFE;;THE TERMINATOR;2021-12-14 13:38:10;2021-12-12 01:54:07
Ut unde amiculum. Cultellus bellum alienus.;4;BLITHE SPIRIT;;THE GREAT DICTATOR;2021-12-20 01:07:20;2021-12-01 03:44:14
Quas iste peccatus. Et cura defessus.;2;THE GOLDEN BOWL;;THE BEST YEARS OF OUR LIVES;2021-12-29 11:39:26;2021-12-14 10:03:21
Vir dolorum approbo. Et suspendo certe.;1;THE PROPER STUDY;;RAGING BULL;2021-12-14 08:58:29;2021-12-02 04:36:09
Victoria cognomen chirographum. Libero conitor sumptus.;1;ALONE ON A WIDE WIDE SEA;;LA LA LAND;2021-12-01 10:26:54;2021-12-06 22:05:54
Adeo terreo vinum. Corroboro abutor alienus.;1;A SCANNER DARKLY;;LIFE OF BRIAN;2021-12-17 21:39:34;2021-12-22 01:04:25
Venio textus deprimo. Ascit coaegresco coma.;3;THE SOLDIERS ART;;METROPOLIS;2021-12-20 07:05:22;2021-12-02 03:34:06
Explicabo vindico aliquam. Subvenio culpa aedificium.;1;MOAB IS MY WASHPOT;;INTOUCHABLES;2021-12-17 07:14:15;2021-12-27 04:51:32
Sto armarium certe. Umbra tremo curatio.;2;BLITHE SPIRIT;;THE WIZARD OF OZ;2021-12-02 10:59:01;2021-12-27 10:42:57
Advoco subiungo deprecator. Compello utrum validus.;3;BEYOND THE MEXIQUE BAY;;SEVEN SAMURAI;2021-12-23 14:47:23;2021-12-01 21:59:03
Sponte arbor amissio. Delinquo provident tonsor.;3;EVERYTHING IS ILLUMINATED;;STAR WARS: EPISODE VII - THE FORCE AWAKENS;2021-12-07 03:19:42;2021-12-07 08:34:04
Vinco vaco defungo. Argentum defluo patior.;4;CONSIDER THE LILIES;;NO COUNTRY FOR OLD MEN;2021-12-15 21:09:15;2021-12-20 04:42:41
Adversus terga colo. Tolero caste despirmatio.;4;NOLI ME TANGERE;;HACKSAW RIDGE;2021-12-01 15:57:53;2021-12-20 16:50:42
Deludo vox deleniti. Consequatur sortitus eos.;3;IN DEATH GROUND;;CITIZEN KANE;2021-12-04 14:02:28;2021-12-15 09:44:13
Est contabesco amiculum. Aut fugit amissio.;3;THE LAST ENEMY;;ONCE UPON A TIME IN AMERICA;2021-12-12 12:29:40;2021-12-17 08:44:37
Quasi armarium credo. Provident apostolus tamen.;4;THE MIRROR CRACKD FROM SIDE TO SIDE;;CITY LIGHTS;2021-12-30 10:40:32;2021-12-03 00:41:41
Summopere vulariter contigo. Cicuta repellat solio.;1;POSTERN OF FATE;;CITIZEN KANE;2021-12-21 12:46:24;2021-12-21 01:06:10
Vulgivagus auctus volo. Conculco hic vivo.;1;NO HIGHWAY;;SPOTLIGHT;2021-12-08 07:12:49;2021-12-25 04:49:38
Vallum sum sperno. Vicinus comes dolore.;5;THE GOLDEN APPLES OF THE SUN;;MARY AND MAX;2021-12-28 05:34:45;2021-12-23 01:07:08
Defendo acer defungo. Est terreo utrimque.;2;THE LATHE OF HEAVEN;;PSYCHO;2021-12-11 01:00:50;2021-12-27 05:07:15
Aestivus appello tracto. Agnitio temporibus utpote.;2;THE PAINTED VEIL;;SUNSET BLVD.;2021-12-23 15:47:56;2021-12-28 02:07:02
Curto vinco rerum. Amoveo contra cornu.;5;CONSIDER THE LILIES;;THE APARTMENT;2021-12-26 07:57:17;2021-12-03 23:13:28
Sunt capio tergeo. Copia vapulus comburo.;3;CARRION COMFORT;;MONTY PYTHON AND THE HOLY GRAIL;2021-12-04 07:39:30;2021-12-05 09:07:00
Absorbeo desparatus concedo. Demens coadunatio ustulo.;2;LILIES OF THE FIELD;;VERTIGO;2021-12-29 04:53:58;2021-12-21 07:52:58
Talus quam amicitia. Audax mollitia dolores.;3;THINGS FALL APART;;BATMAN BEGINS;2021-12-23 01:58:22;2021-12-19 14:34:28
Vespillo angulus coruscus. Denego non curatio.;4;NO LONGER AT EASE;;THE APARTMENT;2021-12-03 00:03:39;2021-12-03 05:55:47
Caute annus chirographum. Accipio sublime calamitas.;5;THE GOLDEN APPLES OF THE SUN;;SAVING PRIVATE RYAN;2021-12-07 11:32:00;2021-12-18 12:28:56
Tremo apostolus rerum. Possimus credo caelestis.;4;BEYOND THE MEXIQUE BAY;;CATCH ME IF YOU CAN;2021-12-06 13:36:55;2021-12-11 10:53:49
Succurro vero aveho. Claro cohors terebro.;2;THE PARLIAMENT OF MAN;;THE GODFATHER: PART II;2021-12-07 03:22:33;2021-12-22 03:12:39
Turba curo casus. Colloco sit curatio.;4;TO SAY NOTHING OF THE DOG;;METROPOLIS;2021-12-30 10:14:06;2021-12-07 18:15:16
Coniecto repellat officia. Campana testimonium barba.;1;NUMBER THE STARS;;HACKSAW RIDGE;2021-12-23 19:31:36;2021-12-02 20:03:49
Ulterius cumque ara. Tamquam carus tribuo.;5;THE HEART IS A LONELY HUNTER;;NUOVO CINEMA PARADISO;2021-12-21 14:12:27;2021-12-12 10:48:49
Sunt speculum stillicidium. Crebro atqui benigne.;5;INFINITE JEST;;GOOD WILL HUNTING;2021-12-09 16:34:26;2021-12-02 06:50:54
Solium auris umerus. Strues carmen totus.;5;LET US NOW PRAISE FAMOUS MEN;;THE GOOD THE BAD AND THE UGLY;2021-12-01 23:21:00;2021-12-23 14:15:50
Somnus eum beneficium. Circumvenio centum solutio.;5;THE WAY OF ALL FLESH;;THE DEER HUNTER;2021-12-18 05:24:45;2021-12-06 23:50:25
Provident voluntarius tunc. Termes blanditiis ulterius.;4;THE GOLDEN APPLES OF THE SUN;;GRAVE OF THE FIREFLIES;2021-12-30 19:08:35;2021-12-03 09:38:23
Crebro defendo vita. Caveo vespillo blanditiis.;4;LOOK TO WINDWARD;;BATMAN BEGINS;2021-12-30 13:12:08;2021-12-08 05:33:40
Asper dapifer consectetur. Viridis deleniti quos.;5;THE YELLOW MEADS OF ASPHODEL;;12 YEARS A SLAVE;2021-12-05 18:56:35;2021-12-29 01:13:38
Assumenda dedico corroboro. Arca et defungo.;4;A HANDFUL OF DUST;;PATHS OF GLORY;2021-12-13 01:49:04;2021-12-28 18:27:47
Tabula cruciamentum vilis. Colo testimonium desino.;5;ALONE ON A WIDE WIDE SEA;;INCEPTION;2021-12-05 03:48:03;2021-12-13 14:05:40
Vix rerum velum. Termes decumbo taceo.;1;FROM HERE TO ETERNITY;;MR. SMITH GOES TO WASHINGTON;2021-12-01 17:24:32;2021-12-18 09:46:06
Comis thesaurus cubo. Adulescens absens acerbitas.;3;THE LITTLE FOXES;;ALL ABOUT EVE;2021-12-21 17:30:36;2021-12-28 07:39:11
Temptatio illum laborum. Vicissitudo valetudo ademptio.;4;THE SOLDIERS ART;;TOY STORY 2;2021-12-04 03:06:10;2021-12-02 00:04:07
Vesper colo cresco. Omnis caelum abeo.;1;A PASSAGE TO INDIA;;IT HAPPENED ONE NIGHT;2021-12-28 12:14:55;2021-12-03 06:23:50
Aeternus rerum unde. Stipes tandem advoco.;2;A PASSAGE TO INDIA;;STALKER;2021-12-22 22:55:00;2021-12-16 09:02:56
Bonus tot coadunatio. Perferendis condico a.;3;THE WASTE LAND;;TOUCH OF EVIL;2021-12-16 04:23:33;2021-12-18 13:36:25
Tabgo vos vicissitudo. Calamitas claro tonsor.;4;THE WAY OF ALL FLESH;;SNATCH;2021-12-06 06:29:27;2021-12-28 06:52:29
Nisi adultus clibanus. Asperiores suggero textor.;4;MANY WATERS;;STAR WARS: EPISODE VII - THE FORCE AWAKENS;2021-12-09 19:33:57;2021-12-23 00:50:33
Minus utique neque. Magni arx molestiae.;5;FROM HERE TO ETERNITY;;TOY STORY;2021-12-19 00:10:05;2021-12-21 01:30:23
Ut contabesco vaco. Demulceo denego vulgus.;2;AS I LAY DYING;;WITNESS FOR THE PROSECUTION;2021-12-26 04:45:28;2021-12-23 10:45:29
Thalassinus vesica cariosus. Titulus tui capio.;2;OF HUMAN BONDAGE;;SUNRISE: A SONG OF TWO HUMANS;2021-12-27 04:50:24;2021-12-06 06:52:45
Comedo saepe et. Ut eos ullus.;1;OH! TO BE IN ENGLAND;;IT HAPPENED ONE NIGHT;2021-12-19 01:38:58;2021-12-28 21:47:40
Mollitia vito vigilo. Solus crastinus deleniti.;5;FOR WHOM THE BELL TOLLS;;THE INTOUCHABLES;2021-12-04 04:31:46;2021-12-17 11:25:02
Audax vobis aggredior. Pariatur quo decipio.;1;MOAB IS MY WASHPOT;;PULP FICTION;2021-12-01 22:17:50;2021-12-06 21:43:09
Volubilis attero ambulo. Deprimo maxime quas.;3;THOSE BARREN LEAVES THRONES DOMINATIONS;;DIE HARD;2021-12-10 13:15:40;2021-12-07 04:31:20
Antepono viscus vapulus. Libero saepe apud.;5;TO YOUR SCATTERED BODIES GO;;STAR WARS: EPISODE VII - THE FORCE AWAKENS;2021-12-23 22:43:00;2021-12-27 20:30:13
Charisma ad vobis. Minima curatio eum.;5;THE TORMENT OF OTHERS;;GONE GIRL;2021-12-01 21:26:25;2021-12-30 13:49:19
Qui coaegresco adiuvo. Torqueo tertius charisma.;3;THE LITTLE FOXES;;LOCK STOCK AND TWO SMOKING BARRELS;2021-12-12 15:34:44;2021-12-19 12:44:35
Torrens varius delego. Thalassinus vestrum aut.;2;BURY MY HEART AT WOUNDED KNEE;;ETERNAL SUNSHINE OF THE SPOTLESS MIND;2021-12-29 19:10:23;2021-12-20 02:53:27
Ex arbustum arma. Temporibus tamdiu sophismata.;1;THE LINE OF BEAUTY;;SOME LIKE IT HOT;2021-12-29 02:42:17;2021-12-12 20:52:13
Defluo admitto voluptas. Arguo totam et.;5;WHERE ANGELS FEAR TO TREAD;;JURASSIC PARK;2021-12-08 03:00:38;2021-12-07 07:14:17
Tamquam error vesco. Temporibus solium autem.;3;INFINITE JEST;;INTOUCHABLES;2021-12-20 06:21:13;2021-12-11 19:17:10
Maxime vigor minus. Clementia ustulo strenuus.;1;NOW SLEEPS THE CRIMSON PETAL;;CITIZEN KANE;2021-12-18 10:14:26;2021-12-10 19:06:43
Qui conscendo tum. Delectus blandior ait.;4;STRANGER IN A STRANGE LAND;;THE MALTESE FALCON;2021-12-06 15:24:37;2021-12-03 06:49:50
Eos virga acsi. Quibusdam traho universe.;2;THOSE BARREN LEAVES THRONES DOMINATIONS;;TOY STORY 3;2021-12-27 23:41:21;2021-12-18 07:58:07
Carpo tener autus. Vulnero antepono utpote.;4;THE MIRROR CRACKD FROM SIDE TO SIDE;;PULP FICTION;2021-12-28 20:16:40;2021-12-01 15:21:04
Odit repudiandae adultus. Placeat defungo et.;3;TO A GOD UNKNOWN;;HOTEL RWANDA;2021-12-08 00:00:25;2021-12-10 07:20:26
Virtus cupiditate cimentarius. Anser deporto cubicularis.;1;THE SKULL BENEATH THE SKIN;;DOG DAY AFTERNOON;2021-12-28 16:52:41;2021-12-06 20:50:25
Basium arguo debilito. Tumultus vinitor cedo.;4;ITS A BATTLEFIELD;;THE LORD OF THE RINGS: THE FELLOWSHIP OF THE RING;2021-12-27 20:17:23;2021-12-14 00:51:47
Perspiciatis utilis architecto. Usque taedium ipsum.;1;SHALL NOT PERISH;;GONE GIRL;2021-12-21 07:40:30;2021-12-27 08:02:46
Mollitia cupio deripio. Tricesimus tripudio carcer.;1;NOLI ME TANGERE;;PARIS TEXAS;2021-12-15 12:42:19;2021-12-12 11:52:58
Tutamen vesper assumenda. Auris tum comes.;2;THE GOLDEN BOWL;;GRAN TORINO;2021-12-26 12:19:16;2021-12-27 23:11:36
Casus cunae vere. Sollers cura adduco.;5;POSTERN OF FATE;;DEAD POETS SOCIETY;2021-12-15 11:25:50;2021-12-14 08:35:24
Vobis pauci vulpes. Trucido una bellicus.;3;THE PROPER STUDY;;12 YEARS A SLAVE;2021-12-05 20:40:50;2021-12-14 19:02:04
Depraedor suspendo ut. Claustrum adinventitias aestas.;2;THE WAY THROUGH THE WOODS;;PAPER MOON;2021-12-23 08:11:20;2021-12-06 07:34:15
Conatus adulatio ascisco. Concido occaecati coadunatio.;3;THE WASTE LAND;;PLATOON;2021-12-09 04:19:40;2021-12-22 22:08:28
Vita eligendi comprehendo. Illum vacuus adeptio.;1;SHALL NOT PERISH;;MODERN TIMES;2021-12-13 16:20:52;2021-12-20 11:39:06
Administratio omnis cursus. Agnitio minus sufficio.;5;IN DEATH GROUND;;ONCE UPON A TIME IN THE WEST;2021-12-14 14:57:00;2021-12-19 05:37:33
Crustulum tego acidus. Capillus crustulum totus.;1;COVER HER FACE;;STAR WARS: EPISODE III \u2013 REVENGE OF THE SITH;2021-12-02 17:34:53;2021-12-16 02:05:41
Adfero peior utor. Anser aestas arbitro.;1;SURPRISED BY JOY;;INTO THE WILD;2021-12-18 13:20:07;2021-12-18 22:26:40
Admitto beneficium ventosus. Uterque vestrum ascisco.;1;POSTERN OF FATE;;LOCK STOCK AND TWO SMOKING BARRELS;2021-12-25 17:07:25;2021-12-06 16:13:42
Odit cultellus iusto. Bos arbustum quo.;5;BURY MY HEART AT WOUNDED KNEE;;JAWS;2021-12-30 22:19:55;2021-12-19 07:56:56
Versus arx arto. Aduro coniecto asporto.;4;TIGER! TIGER!;;L.A. CONFIDENTIAL;2021-12-08 18:31:28;2021-12-23 10:25:04
Ad aeneus abeo. Nisi barba constans.;4;THE MIRROR CRACKD FROM SIDE TO SIDE;;THERE WILL BE BLOOD;2021-12-18 16:03:41;2021-12-05 21:26:14
Debitis pax tergo. Vinculum iste denique.;1;LILIES OF THE FIELD;;A CLOCKWORK ORANGE;2021-12-16 00:24:39;2021-12-04 08:36:11
Vir tergiversatio audio. Eos inflammatio xiphias.;4;MOAB IS MY WASHPOT;;HEAT;2021-12-08 20:59:45;2021-12-19 12:55:47
Unde blanditiis conservo. Titulus ara cultellus.;2;SHALL NOT PERISH;;THE SHAWSHANK REDEMPTION;2021-12-25 18:21:42;2021-12-05 21:14:26
Ut molestiae vilis. Tero possimus clarus.;3;THE PAINTED VEIL;;TERMINATOR 2: JUDGMENT DAY;2021-12-23 06:57:00;2021-12-08 06:17:33
Confugo vita desipio. Arbor suppono tutis.;4;THE TORMENT OF OTHERS;;PERSONA;2021-12-02 12:29:39;2021-12-17 09:02:24
Crinis caelum aer. Sumo crepusculum nisi.;2;NUMBER THE STARS;;THE DARK KNIGHT RISES;2021-12-27 00:10:14;2021-12-28 07:24:34
Canis delego porro. Stultus catena denique.;5;FOR WHOM THE BELL TOLLS;;ETERNAL SUNSHINE OF THE SPOTLESS MIND;2021-12-26 07:00:57;2021-12-05 10:55:12
Ea terreo reprehenderit. Cum timor tribuo.;3;TO SAY NOTHING OF THE DOG;;GOOD WILL HUNTING;2021-12-02 22:56:46;2021-12-27 22:57:44
Aestivus quo corporis. Vel statim tempore.;4;NOLI ME TANGERE;;THE LORD OF THE RINGS: THE RETURN OF THE KING;2021-12-22 21:22:43;2021-12-13 16:43:23
Solus attollo vacuus. Attero aut tam.;1;ENDLESS NIGHT;;TOUCH OF EVIL;2021-12-03 17:12:03;2021-12-25 02:50:59
Blanditiis constans vulgo. Arma conturbo adopto.;3;THE WEALTH OF NATIONS;;HOW TO TRAIN YOUR DRAGON;2021-12-19 19:42:48;2021-12-22 08:13:30
Capitulus ciminatio subvenio. Viduata peccatus adfero.;4;LILIES OF THE FIELD;;FULL METAL JACKET;2021-12-28 23:26:21;2021-12-03 18:09:42
Ultra decumbo umquam. Cura cogo nemo.;2;MOTHER NIGHT;;TOY STORY 3;2021-12-04 03:10:45;2021-12-25 06:45:17
Vilicus decerno turba. At velum curo.;2;THE LITTLE FOXES;;THE BIG LEBOWSKI;2021-12-12 21:04:11;2021-12-25 11:21:55
Civitas sit adstringo. Ascit acies tracto.;1;MR STANDFAST;;RAGING BULL;2021-12-13 16:15:05;2021-12-04 15:26:09
Defessus abstergo theologus. Clementia sodalitas astrum.;2;FOR WHOM THE BELL TOLLS;;LOCK STOCK AND TWO SMOKING BARRELS;2021-12-23 13:51:58;2021-12-25 09:30:54
Bestia balbus et. Unus stella compono.;1;FROM HERE TO ETERNITY;;LIFE IS BEAUTIFUL;2021-12-14 13:59:01;2021-12-21 23:53:40
Tandem cognatus antiquus. Voveo tabesco ut.;5;FROM HERE TO ETERNITY;;TERMINATOR 2: JUDGMENT DAY;2021-12-01 03:42:14;2021-12-19 20:41:56
Perspiciatis tenus non. Torqueo textor ter.;4;ALONE ON A WIDE WIDE SEA;;ALL ABOUT EVE;2021-12-01 20:16:14;2021-12-19 00:55:48
Theca virtus deficio. Aeger ut cauda.;2;NUMBER THE STARS;;THE SILENCE OF THE LAMBS;2021-12-11 11:21:25;2021-12-22 05:25:11
Victus caries patrocinor. Ducimus verto socius.;2;THE WASTE LAND;;SAVING PRIVATE RYAN;2021-12-19 08:23:32;2021-12-02 02:12:24
Libero animi bellum. Doloribus curtus dolores.;4;THE SKULL BENEATH THE SKIN;;ONCE UPON A TIME IN AMERICA;2021-12-10 10:35:41;2021-12-21 09:11:41
Villa cum tabesco. Tergiversatio absens auxilium.;4;THE MOVING FINGER;;BRAVEHEART;2021-12-03 11:13:06;2021-12-28 02:29:59
Non sulum admoneo. Et altus comburo.;4;THE MONKEYS RAINCOAT;;STAR WARS: EPISODE IX \u2013 THE RISE OF SKYWALKER;2021-12-22 05:37:18;2021-12-12 19:37:39
Autem ascisco synagoga. Coniecto delinquo solitudo.;3;BEYOND THE MEXIQUE BAY;;TO KILL A MOCKINGBIRD;2021-12-21 16:22:00;2021-12-04 11:23:24
Dignissimos carcer thermae. Venia vespillo cilicium.;2;TO YOUR SCATTERED BODIES GO;;THE BIG LEBOWSKI;2021-12-09 06:06:35;2021-12-11 19:03:40
Sopor bestia molestiae. Tergo delectus cibo.;5;IF I FORGET THEE JERUSALEM;;A WEDNESDAY;2021-12-14 00:08:02;2021-12-04 06:19:08
Conitor possimus vis. Suasoria aspernatur celebrer.;2;BUTTER IN A LORDLY DISH;;BICYCLE THIEVES;2021-12-29 00:41:23;2021-12-06 03:04:52
Varius ipsum aspicio. Ademptio charisma magnam.;3;IN A DRY SEASON;;MEMENTO;2021-12-19 08:13:11;2021-12-13 13:03:55
Approbo bardus cattus. Aestivus vilicus sequi.;4;FAME IS THE SPUR;;ALL ABOUT EVE;2021-12-02 01:23:31;2021-12-28 15:46:36
Amoveo aptus arcesso. Soluta vester id.;2;OF HUMAN BONDAGE;;HACKSAW RIDGE;2021-12-28 19:38:05;2021-12-16 11:13:16
Casus despecto claudeo. Utpote vorago socius.;3;THE OTHER SIDE OF SILENCE;;THE TREASURE OF THE SIERRA MADRE;2021-12-11 20:45:30;2021-12-03 04:42:50
Ut tenetur deleniti. Sub possimus curis.;1;A PASSAGE TO INDIA;;LIFE OF BRIAN;2021-12-26 15:28:21;2021-12-21 01:12:39
Cur blanditiis infit. Vulgaris optio termes.;2;O JERUSALEM!;;BACK TO THE FUTURE;2021-12-22 00:11:26;2021-12-06 10:05:03
Delego venio casus. Natus vergo aeneus.;5;NO HIGHWAY;;UNFORGIVEN;2021-12-18 05:35:09;2021-12-02 01:16:42
Occaecati aro absorbeo. Aliquam illum cervus.;3;A CONFEDERACY OF DUNCES;;PSYCHO;2021-12-11 06:17:40;2021-12-21 19:20:21
Qui adfectus aperio. Brevis tantum curia.;3;NOW SLEEPS THE CRIMSON PETAL;;THE PRESTIGE;2021-12-29 00:39:45;2021-12-01 07:49:59
Animadverto urbanus surculus. Curvo tenuis aliquid.;4;THE WORLD THE FLESH AND THE DEVIL;;CINEMA PARADISO;2021-12-11 10:38:41;2021-12-02 00:58:39
Quos cui dolores. Vester iste arx.;1;WHEN THE GREEN WOODS LAUGH;;STAND BY ME;2021-12-11 00:58:04;2021-12-08 08:22:23
Tui blanditiis uter. Capto tibi virgo.;1;TO YOUR SCATTERED BODIES GO;;ALL ABOUT EVE;2021-12-02 05:04:38;2021-12-13 08:28:47
Vulgaris adinventitias ascisco. Aqua cur pauper.;5;THE WEALTH OF NATIONS;;BEFORE SUNRISE;2021-12-06 16:57:08;2021-12-29 20:38:04
Volaticus quia consectetur. Conscendo beatae celer.;1;ALONE ON A WIDE WIDE SEA;;LIFE OF BRIAN;2021-12-11 06:42:48;2021-12-23 07:33:09
Aut ante terreo. Abduco denuo corporis.;1;FOR A BREATH I TARRY;;THE DEER HUNTER;2021-12-05 16:12:42;2021-12-11 15:55:18
Absorbeo communis denego. Tenuis torqueo deleniti.;5;A TIME OF GIFTS;;PAPER MOON;2021-12-25 16:33:54;2021-12-06 18:11:51
A enim timidus. Studio terminatio timidus.;3;PRECIOUS BANE;;BACK TO THE FUTURE;2021-12-28 06:16:23;2021-12-16 06:50:56
Inventore curto caelestis. Defigo textor ulterius.;3;FAME IS THE SPUR;;TOY STORY 3;2021-12-21 20:59:36;2021-12-13 13:31:14
Ocer quia sunt. Consequuntur compello uxor.;2;THIS LIME TREE BOWER;;THE BIG LEBOWSKI;2021-12-05 08:18:09;2021-12-30 01:19:19
Id aut tristis. Celer comprehendo demum.;1;THE MOVING TOYSHOP;;CHINATOWN;2021-12-04 20:37:07;2021-12-09 17:26:30
Conscendo itaque ad. Cur quis statim.;2;IN A DRY SEASON;;THE PIANIST;2021-12-05 04:54:28;2021-12-28 18:52:28
Cado ut despecto. Audio ventus cresco.;5;NUMBER THE STARS;;DOG DAY AFTERNOON;2021-12-09 00:07:04;2021-12-21 19:41:48
Advenio cavus audax. Defungo clarus vesica.;1;CLOUDS OF WITNESS;;INTO THE WILD;2021-12-28 03:09:37;2021-12-23 19:20:36
Tubineus demitto provident. Distinctio somniculosus conforto.;3;TO A GOD UNKNOWN;;MARY AND MAX;2021-12-24 07:27:22;2021-12-08 03:12:02
Terreo asper ancilla. Tenuis cum itaque.;1;FAME IS THE SPUR;;THE LORD OF THE RINGS: THE RETURN OF THE KING;2021-12-29 23:15:30;2021-12-25 14:30:06
Cervus ut virga. Anser vis tersus.;2;A CONFEDERACY OF DUNCES;;AMERICAN BEAUTY;2021-12-18 16:29:23;2021-12-10 04:45:45
Trucido appello aegrus. Ratione admoveo tyrannus.;5;IF I FORGET THEE JERUSALEM;;TOY STORY 3;2021-12-20 19:36:09;2021-12-08 00:05:01
Iste ter et. Et amoveo decretum.;5;WAITING FOR THE BARBARIANS;;BICYCLE THIEVES;2021-12-04 03:56:30;2021-12-05 20:27:30
Tamisium deficio modi. Rerum vitiosus despirmatio.;4;LOOK TO WINDWARD;;DOUBLE INDEMNITY;2021-12-28 15:10:04;2021-12-17 16:44:09
Non colligo quaerat. Contego valens tollo.;3;POSTERN OF FATE;;LIFE IS BEAUTIFUL;2021-12-23 10:12:55;2021-12-11 02:00:50
Barba fugiat admoneo. Adopto toties labore.;1;FOR A BREATH I TARRY;;FULL METAL JACKET;2021-12-21 02:28:06;2021-12-11 09:43:52
Cito viduo adhaero. Crepusculum abstergo aliquid.;4;FOR A BREATH I TARRY;;THE GODFATHER;2021-12-02 13:06:43;2021-12-16 20:41:26
Valeo texo admitto. Est amitto corrumpo.;1;THE PAINTED VEIL;;THE GRAND BUDAPEST HOTEL;2021-12-24 01:07:11;2021-12-20 16:11:34
Coadunatio neque delego. Coruscus non sollicito.;3;CLOUDS OF WITNESS;;INCEPTION;2021-12-26 23:19:01;2021-12-21 00:35:55
Appositus pel calamitas. Casus aedificium temeritas.;5;TO YOUR SCATTERED BODIES GO;;2001: A SPACE ODYSSEY;2021-12-15 20:00:30;2021-12-12 16:43:00
Veritatis vitium ipsam. Numquam volva color.;3;HAVE HIS CARCASE;;MAD MAX: FURY ROAD;2021-12-04 22:43:35;2021-12-19 08:01:35
Ut aeger bellicus. Cavus defero armarium.;5;THE LITTLE FOXES;;JURASSIC PARK;2021-12-03 07:14:05;2021-12-16 17:35:23
Vesper caute ad. Comis comminor conservo.;2;VANITY FAIR;;ROOM;2021-12-21 15:39:30;2021-12-05 05:30:42
Cotidie alo comminor. Ambitus brevis certe.;5;NO LONGER AT EASE;;12 YEARS A SLAVE;2021-12-07 08:15:52;2021-12-07 08:39:33
Sponte illo aut. Claro id unde.;2;TO YOUR SCATTERED BODIES GO;;APOCALYPSE NOW;2021-12-08 19:05:26;2021-12-09 09:52:23
Aranea clam tum. Tepesco consequuntur denique.;3;MANY WATERS;;GROUNDHOG DAY;2021-12-14 05:08:41;2021-12-19 16:35:04
Supplanto artificiose advoco. Caveo calculus carpo.;2;MR STANDFAST;;PATHS OF GLORY;2021-12-15 04:55:26;2021-12-29 08:16:51
Compello callide aveho. Cum sub suscipit.;3;THE GOLDEN BOWL;;BLADE RUNNER 2049;2021-12-07 00:07:09;2021-12-15 01:56:17
Spes sint teres. Aer vinitor voro.;4;THE WAY OF ALL FLESH;;FULL METAL JACKET;2021-12-02 11:48:40;2021-12-06 00:23:38
Vita et suppono. Coniuratio versus ascisco.;3;THE HOUSE OF MIRTH;;STAR WARS: EPISODE IV \u2013 A NEW HOPE;2021-12-17 07:17:43;2021-12-12 10:32:53
Assumenda tyrannus sub. Civitas arguo adsidue.;5;INFINITE JEST;;THE GREAT ESCAPE;2021-12-03 10:57:44;2021-12-01 07:58:01
Crepusculum confero convoco. Ab spes varietas.;2;THE LINE OF BEAUTY;;TAXI DRIVER;2021-12-22 04:21:36;2021-12-26 02:14:59
Ultra demo provident. Congregatio defero amissio.;4;THIS LIME TREE BOWER;;GOOD WILL HUNTING;2021-12-27 00:49:26;2021-12-29 14:10:39
Aureus cultellus sunt. Bardus talus tenetur.;2;A HANDFUL OF DUST;;THE LORD OF THE RINGS: THE TWO TOWERS;2021-12-22 09:32:07;2021-12-17 03:24:29
Administratio decipio iusto. Basium ver adinventitias.;1;I SING THE BODY ELECTRIC;;THE STING;2021-12-15 14:04:32;2021-12-18 07:55:47
Tempora barba adhuc. Toties eaque carus.;3;NO HIGHWAY;;MARY AND MAX;2021-12-20 19:50:59;2021-12-02 06:49:24
Talis tutis ambitus. Desolo arcesso repellat.;4;TO A GOD UNKNOWN;;INTO THE WILD;2021-12-05 17:03:50;2021-12-09 07:19:27
Odio viridis consequatur. Aut vester amiculum.;2;MOTHER NIGHT;;DIE HARD;2021-12-08 03:00:28;2021-12-01 07:38:24
Patruus coadunatio cenaculum. Ullus custodia absconditus.;3;BLITHE SPIRIT;;THE TRUMAN SHOW;2021-12-19 13:26:02;2021-12-17 02:55:28
Eos voveo textor. Quis solus alias.;2;THE OTHER SIDE OF SILENCE;;NORTH BY NORTHWEST;2021-12-02 08:07:20;2021-12-02 10:39:37
Ratione crustulum ustilo. Cernuus qui communis.;2;TO SAY NOTHING OF THE DOG;;FIGHT CLUB;2021-12-03 10:26:50;2021-12-29 00:38:58
Deleniti cum cum. Repudiandae et succurro.;5;TO SAY NOTHING OF THE DOG;;STAR WARS: EPISODE VI - RETURN OF THE JEDI;2021-12-23 15:21:17;2021-12-22 08:09:34
Maxime architecto nam. Ut volutabrum aequus.;2;NUMBER THE STARS;;DJANGO UNCHAINED;2021-12-20 08:05:29;2021-12-13 13:07:32
Bibo cruentus virgo. Quod cupiditas conicio.;3;BEYOND THE MEXIQUE BAY;;LOCK STOCK AND TWO SMOKING BARRELS;2021-12-02 21:49:11;2021-12-11 02:41:24
Chirographum caritas constans. Vero curto concido.;3;THE PROPER STUDY;;BEFORE SUNRISE;2021-12-10 16:00:38;2021-12-12 07:08:36
Vomito rerum conforto. Commodi studio optio.;1;MOTHER NIGHT;;CASABLANCA;2021-12-01 16:07:48;2021-12-11 13:44:50
Adhuc aureus cogo. Suffragium deporto abundans.;3;FROM HERE TO ETERNITY;;NETWORK;2021-12-08 12:45:07;2021-12-30 04:02:00
Capio crur crux. Debilito centum tamisium.;3;LILIES OF THE FIELD;;WALLÂ·E;2021-12-26 05:12:16;2021-12-05 13:43:07
Utroque iure cognomen. Vicissitudo auxilium sublime.;5;THE MAN WITHIN;;THE TRUMAN SHOW;2021-12-25 12:57:53;2021-12-29 23:09:53
Cornu abbas adulescens. Amitto desidero adicio.;2;THE CURIOUS INCIDENT OF THE DOG IN THE NIGHT-TIME;;STAR WARS;2021-12-30 12:06:22;2021-12-26 11:27:39
Tutamen crastinus terminatio. Sed baiulus aut.;5;TO A GOD UNKNOWN;;GRAVE OF THE FIREFLIES;2021-12-12 03:54:14;2021-12-14 11:06:15
Adipisci turpe adfectus. Cito fugiat crustulum.;4;I SING THE BODY ELECTRIC;;FORREST GUMP;2021-12-29 02:40:08;2021-12-24 19:49:29
Testimonium argumentum tutamen. Denique placeat ait.;2;BLITHE SPIRIT;;FINDING NEMO;2021-12-17 20:16:59;2021-12-13 16:31:47
Bibo crux universe. Occaecati thymbra cumque.;5;PRECIOUS BANE;;THE TREASURE OF THE SIERRA MADRE;2021-12-22 05:46:03;2021-12-13 10:45:05
Cruciamentum degero casso. Demens asperiores quia.;1;THE SOLDIERS ART;;MONTY PYTHON AND THE HOLY GRAIL;2021-12-19 18:46:26;2021-12-22 09:26:27
Aut ars voluptatibus. Arbustum decipio tempore.;2;A PASSAGE TO INDIA;;ONCE UPON A TIME IN THE WEST;2021-12-05 19:11:36;2021-12-08 00:26:31
Undique cresco aegre. Utrum terebro ut.;1;BLITHE SPIRIT;;GOODFELLAS;2021-12-10 14:52:10;2021-12-19 13:30:58
Vir adficio tibi. Celebrer casus cui.;1;PRECIOUS BANE;;STAR WARS: EPISODE VI - RETURN OF THE JEDI;2021-12-03 01:40:38;2021-12-07 17:50:08
Vestrum totus natus. Crux curto ut.;5;THINGS FALL APART;;THE TREASURE OF THE SIERRA MADRE;2021-12-03 00:26:09;2021-12-23 12:54:07
Annus compono tamisium. Cohors vulgus combibo.;1;LET US NOW PRAISE FAMOUS MEN;;LIFE OF BRIAN;2021-12-25 06:08:57;2021-12-10 16:45:10
Ulciscor tabgo incidunt. Officia acidus autus.;3;THE HEART IS A LONELY HUNTER;;A BEAUTIFUL MIND;2021-12-16 03:21:40;2021-12-06 20:40:57
Absconditus certo sunt. Auctor audax deserunt.;2;NOLI ME TANGERE;;BRAVEHEART;2021-12-22 20:42:13;2021-12-25 06:41:45
Derelinquo quia capillus. Creber inventore quia.;1;A TIME TO KILL;;VERTIGO;2021-12-12 15:55:28;2021-12-22 11:17:03
Candidus caterva enim. Clarus officia sumo.;1;POSTERN OF FATE;;THE DEER HUNTER;2021-12-28 01:41:56;2021-12-05 03:51:36
Cubo allatus combibo. Acquiro deputo vilis.;1;THE DAFFODIL SKY;;ONCE UPON A TIME IN THE WEST;2021-12-02 19:45:40;2021-12-08 15:55:42
Cupiditas thesaurus voluptate. Ancilla aut unus.;5;VANITY FAIR;;L.A. CONFIDENTIAL;2021-12-11 04:18:29;2021-12-06 20:47:32
Unus voluptatem qui. Quia textor vallum.;1;ENDLESS NIGHT;;STAR WARS: EPISODE II \u2013 ATTACK OF THE CLONES;2021-12-01 16:51:56;2021-12-07 21:25:47
Tergo audentia vero. Tot velit armo.;2;VANITY FAIR;;SCARFACE;2021-12-10 20:14:30;2021-12-20 11:33:10
Spiculum adamo vigor. Cum tot doloremque.;4;THE CURIOUS INCIDENT OF THE DOG IN THE NIGHT-TIME;;ROCKY;2021-12-17 02:43:59;2021-12-11 22:46:34
Dedico repellat delibero. Subiungo ab tendo.;2;IN A DRY SEASON;;THE GREAT ESCAPE;2021-12-28 16:00:31;2021-12-17 13:55:10
Aggredior defleo tempora. Tonsor calculus magni.;4;OH! TO BE IN ENGLAND;;RAGING BULL;2021-12-15 00:58:37;2021-12-01 11:36:02
Voluptatum utique aduro. Magni assentator terra.;2;FAME IS THE SPUR;;STAR WARS: EPISODE VII - THE FORCE AWAKENS;2021-12-23 14:50:54;2021-12-05 11:49:14
Tener nam vinculum. Bibo cruciamentum ulterius.;4;CLOUDS OF WITNESS;;CASINO;2021-12-12 15:09:22;2021-12-02 04:23:39
Quas sequi ciminatio. Capitulus adipisci videlicet.;2;IF I FORGET THEE JERUSALEM;;THE THING;2021-12-10 10:40:25;2021-12-07 16:45:27
Compono cursim ascit. Aut credo cupiditas.;4;THE LITTLE FOXES;;STAR WARS: EPISODE VII - THE FORCE AWAKENS;2021-12-27 19:56:06;2021-12-14 14:46:11
Caute caelum alter. Ara textilis rerum.;2;THE LAST TEMPTATION;;TAXI DRIVER;2021-12-18 10:34:02;2021-12-08 22:30:53
Acceptus crustulum fugit. Volubilis collum iure.;2;ITS A BATTLEFIELD;;DOG DAY AFTERNOON;2021-12-27 07:25:42;2021-12-20 20:42:49
Aggero ducimus amita. Cornu bardus acerbitas.;1;THE PROPER STUDY;;THE GENERAL;2021-12-12 01:58:38;2021-12-10 06:01:33
Crepusculum vere quis. Virga triduana accusator.;4;THE PROPER STUDY;;THE LORD OF THE RINGS: THE FELLOWSHIP OF THE RING;2021-12-08 22:02:33;2021-12-03 19:22:32
Dolor aranea abduco. Depromo cubo acer.;2;AN ACCEPTABLE TIME;;BEFORE SUNRISE;2021-12-03 00:08:04;2021-12-13 09:30:17
Caterva eligendi contabesco. Surgo officiis vespillo.;2;TENDER IS THE NIGHT;;LIFE OF BRIAN;2021-12-05 18:34:27;2021-12-26 09:03:12
Adipisci confugo adsidue. Deserunt minus correptius.;4;A CONFEDERACY OF DUNCES;;THE STING;2021-12-11 17:49:04;2021-12-09 13:00:30
